silantro,SilantroTTV
siluspvp,siluspvp.tv
simplicitybad,TTVSimplicityBad
sin_san0pa,Sɑn0pɑ シ
sinfulfn,SinfulFN TTV
sippboul,sippboul
sirrbadass,TwitchSirrbadass
sirwingz,SirWingz
sixzoseven,TTV.SixZoSeven
sizablesquid,SizableSquid
sjokoladen,SjokoladenTwitch
skadooshed,hi im skadoosh
skeptical37,Skeptical37
skilo,Skilo_
skinnynj,Twitch.SkinnyNJ
skinsfps,SkinsFPS
skulllive,SKULLΕY
skyy_j,Twitch Skyy_J
slarre_98,Slarre98
slayinz,Twitch Slayinz
sleetz,TTV Sleetz
slemun,Slemun
slimecricket,SlimeCricket
slippinj1mmyy,Slippin J1mmy
slumpedsloom,t.tvslumpedsloom
smacks,Dare Smacks
smilzo1,exeed Smilzo
smithmoneyy,SmithMoney
smokeyhigh,XyR SmokeyHigh
smook__,bot smook
smt_tpk1g,Coco Tpk1g
sndestroyed,Destrоyed
sneux,SNEUXABØY
snoopyj_,Twitch SnoopyJ_
snoopysworld,Łїƒε Of Snoopy
soccermom68,TTV SoccerMom68
socom_dreamz,1Love on Twitch
solo_nazgul,GS Nazgul
solr,kezindidntwakeup
sopenn,LS4B Sopenn
soraking_,Ѕora
sorryiclappedyou,SorryIClappedYou
soulotv,SouloTV
sparkdog_,Twitch.Sparkdog_
sparkoofficial,Twitch_SparkoOff
spicy,Sрicy
spiff3d,shamе
splashnoob_,TTV.SplashNoob_
spludouche,Spludouche
spoogstv,SLM_Spoogs
spoorn,baby spoorn
spxz,twitch.tv spoxah
spyrottv,Twitch-Spyro
squirtstv,SquirtsTV
sreys,RG_Sreys Twitch
sssplit,SSSPLIT
sstonie,Stοnie
stabzy,Stabzy
starblanket,TTV Starblanket
starke2k,C9 Starke2k
starlitxo,SGU StarlitxoTTV
steelex_tv,Steelex_tv
stereosaiyan,9D StereoSaiyan
sternl1cht,TwitchSternlicht
stompyfps,PURGE stompy
stonde1337,twitchstonde1337
strafesh0t,Liquid Strafe
strangerdangor,BrotherDonger
strugsfn,SΤRUGS
stunzeed,itsMerktify.TV
subwuuf,Twitch_Subwuuf
sugatt,ISG Sugatt TTV
sullythebully,ツTTV JayAy_
sunnietv,suNNіE
supersaiyanpaul,SuperSaiyanFire
superthunderpowa,Thuηder
swaggerleetv,swaggerleetv
swagnoodles_,SwagNoodles
swiftfn,Gotta Go Fast.
swollrob7,TTV.Swollrob7
swolybible,Swolybible
sycotix,sycøtix
syd_iii,TTV Syd_III
sym3trical,TQ Sym3trical
symfuhny,Symfuhny
sypherpk,SypherPK
syrslays,Twitch SyrSlays
t0nse,MSE t0nse
tabooo_,PRIDE Tabooo
tadenight,TaDeNight
taizunpk,BRC TAIZUNBØY
takoidtv,TakoidTV
tantricthrower,Tantric tK
tanxlive,MiTH_TANX
tapl,TapLHarv
teahao,Teahao
teajplays,twitch teajplays
teaspoonman,TeaspoonMan TTV
teeeeeb,Teeeb
temptedlive,TemptedLive
tennp0_,FaZe Tennp0
testuntamed,TestUntamed TV
tfzenith,Anthony 14k
th3pacifist,OT th3pacifist
thanatospk,Twitch KaiizenFN
the_indolence,The_Indolence.TV
the_reborn,TWlTCHThe_Reborn
theaceofspade,OT Spadess
theasianjc,TwitchTheAsianJC
theb4ku,SNG thebaku
thebarkman,TheBarkMan
thechaz,TwitchImTheChazz
thecubanjesus,TheCubanJesusTV
thegamingowl,ttvTheGamingOwl
thegandhi,TTV.TheGandhi
thegeneralfn,NRG General
theglitzpit,Glitzville
theguyjesper,Xypher VisKoTV
theillusion,TTV theillusion
thekingsparrow,TheKingSparrow
thelegendofthetitan,OB TiTan
theorangesalmon,TheYellowSalmon
therealblackoutz,OnLy BLAACKOUTZZ
thesaltfn,SᎪLT
thesubman,JMO subman
thesuperkitten,ZeSuperKitten
thevs,mouz TheVs
thezanfis,Zanfis
thias2408,Twitch_Thias2408
thiefs,FaZe Thiefs
tibo0w,Twitch.tv tibo0w
tienn,Twitch_Tienn
tier1noob,Tier 1 Noob TTV
tikz59,Tikz59
tillicollapse,Cat6 Be Careful
tina,TINARAES
tinny__,FLY Tinny
tinokspx,Twitch Tinoks
titanelyse,SUP TitanN
tm70,ΤM70
tmgdex,ttv.raid_dex
tntreigns,TwitchTnTReigns
toasty_,SoaR Toasty
tockyz,tockyz
tolezito,DRA Tolezito
toloy,T0L0Y
tonbocub,4RaiF_Tonbo
tonhaotv,TONHÃO O TRATORヅ
toniiclive,TwitchToNiicLive
tonymonster52,THC TyMonster
toocoldd,Twitch Toocoldd
tookey,Tookeyyy
toomuchspooky,Seajღ
tooniyuh,Twitch TooniYuh
toothrat,TwitchToothrat
topboyone,C9 Topboy
toppeninja,TwitchToppeNinja
tq_defiant,TwitchTQ Defiant
trag1x,Twitch trag1x
transpire,Τranspire
trapytv,TrapyTV
treeyetii,TreeYeti
treyful,Jade Treyful
trezxntv,rx3E
tristanhipp,Tristan Hipp
triumphreturns,Тriumph
trose,TwitchTRose
trousahsnake,TrOuSahSnaKe
trust_sf,trust_sf
tryg,Τryg
tsoragemaster,TSO RageMaster
turkey_lips,Turkey_lips.TV
turtlenade,TTv.Turtlenade
turtlezza,turtlezzA
twitch_muddax,Ie_Belge
twizzld,MF Twizz
tydz_,xd Tydzツ
tyenox,TyenoX
tyroni,RAiN Tyroni
tzhgravity_,twitchTzHGravity
ujrath,Twitch uJrath
ultroneous,TwitchUltroneous
unforgivingking,KingLyfeYT
unmistakabl3_fb,Fß-演员
unp_mrmayhem,uNp Mr Mayhem
unzolt,Twitch Unzolt
uofficialct,OfficialCT
upsilontv_,UpsilonTV_
usul,usulmuaddib
v1nsaniity,KINGUIN V1ns
v4vendetta_gr,V4Vendetta_GR
vaky,vak.
valaxiesbrah,Valaxies
vanity217,VanityFN
vanleet,vanleet twitch
vantae_,Vantae
vanyapoker,VanyaPoker
vape_jesus,Tempo VapeJesus
vaxitylol,VaxitylolMIXERtv
veeraw,tv.Veeraw
velecate,Velecate
velion83,TwitchTvVelion83
vengeance_16424,Veнgeaнce
venndetta,Venndetta.
ventosity,VentosityTV
veraxer,Veraxer
vercsx,VercsxTV
verlytr,TTV Verlytr
vermilioncookie_,TheeVermilion.tv
ves_phalanx,Phαlαηχ
vfdazed,Dаzed
viccroy,Viccroy
videlotus,StDx Vide
viipixels,Twitch viiPixels
vincento,twitch_VINCENTO
vinnygyn,BroTM ViNNy
visayaa,twitch.Visayaa
vlonerugs,Rugs.
vnz_l,TwitchVnzL
voil,iwnl Voil
vorchah,vorchah
voxxom,VoxxoM
vyperk,VyperK
wablam,Wablam
wallhackjack,WallHackJack
warderlan,OPC Warder
warpathtv_,DS wArpAtHTV_
weinreichh,TwitchWeinreichh
weissemoehre,EMP WeisseMoehre
wen420,Twitch Wen420
westie_tv,Westie_TvTwitch
whatzzittooya,WhatzZitTooyaTTV
whitesox5,Twitch_WhiteSox5
whoisgidi,Twitch-whoisgidi
whosdxtr,WhosDXTR ttv
whystop,Whystop
wildcharizardtv,WildCharizardTV
wildeeman,TTV Wildeeman
wilfredbe,TwitchWilfredBE
winterfellz,Twitch xMadJawz
winterx,Tempo Winter
wishyouluckk,CLG_Wish
wizwiki,KodaFN
woke_jim,LevelNext
woollydude,Woollydude
worthyy_,TM Worthyy
wtfgeezy,Edit Grav1ty
wynteru,Twitch Wynteru
xactu,NoU_Xact
xanzus_,OTW Xanzus
xarcohs,StDx Arcohs
xavr,SoaR Xavr
xchakabear,Chɑkɑ
xdevolution,FLASH.Devo
xezov_tv,Xezov_TV
xhris,YourDaddyKev
xiadous,TM Xiadous
xikau,Xikau
xilixir,xil was taken
ximpactt,Twitch xImpactt
xiolest,C9_Xiolest
xmhc,TTV xMhc
xnestorio,NMS xNestorio
xrubzz,RuBzㅤ
xsymbolise,Symbolise
xtrenuous,Twitch.Xtrenuous
xxxtony,TwitchTonyboy_
xyph9r,Xyph9r
yahdigg,Unіque
yahfilthyanimai,YahFilthyAnimal
yanced1n,Yanceㅤ
yanlul,YΑN
yanni_,Yanniツ
yaxsu,Twitch_Yaxsu
ygndrasil,Ygndrasil
yoboysmug,JumboSmug
yogartfart,yogartFart
yong,13-Aug
yonsy,YonsyTV
yookonz,NF ツ
yoruh4,Yoruh4
youaresuchnoob,Liquid POACH
youngbae054,Skull_성인땡중
youngbeast,YoungBeastTV
yoyokeepitup,LP yoyokeepitup
yufled,yufled
yukesx,GAL YUKES
yultzy,Yultzy
yurliefn,Yurlie
yvuf,Deх
yxngdat,dχt
z01tar,TTV_Z01tar
zagile,AGILE-
zapdius,TOU DE FERIAS
zaraki_kenpachix,SENSE ZarakiTv
zarakosa,twitch_zarakosa
zarid,ΝagoL
zastruhtv,twitchZastruhTV
zaugz,zAuGz on Twitch
zayzoisdead,Zayzoisdead.TV
zdivine,OT Divine
zechamp,OPC zeChamp
zedryn,Zedryn
zeevtwitch,ZeevTwitch
zenys1,eSpuma Zenys
zenzz_,ZENZZ_ YT TTV
zerobbq_,NMS ZeroBBQ
zexeloss,SNG Zexelos
zexrow,Knights ZexRow
zhiny,Zh1ny
ziduth,Ziduth
ziinn,Twitch.Ziinn
zimma1997,GE_KØDAK
zlhyperion,zlHyperion
zneverdodge_,zNeverDodge_TV
zooflol,C9 Zoof
zoopoo7,S2 ll ZooPoo
zorpaktv,Zorpak
zslym,DRA zSlym
zuen,Twitch_Zuen
zxll,Twitch ZxLL
zyppaan,Epsilon Zyppaan
zzdmo_,Ghost Dmo